province,year,total_count,PM25_dcount
BANGKOK,2016,158,33.81816973
CHANGWAT AMNAT CHAROEN,2016,335,35.3652503
CHANGWAT ANG THONG,2016,99,34.17269928
CHANGWAT BUENG KAN,2016,410,38.43292966
CHANGWAT BURI RAM,2016,1023,34.63574906
CHANGWAT CHACHOENGSAO,2016,527,32.7291357
CHANGWAT CHAI NAT,2016,259,35.37564306
CHANGWAT CHAIYAPHUM,2016,1302,35.59167434
CHANGWAT CHANTHABURI,2016,650,32.40727374
CHANGWAT CHIANG MAI,2016,2305,32.97940222
CHANGWAT CHIANG RAI,2016,1214,40.78792558
CHANGWAT CHON BURI,2016,453,35.12405327
CHANGWAT CHUMPHON,2016,601,29.82954046
CHANGWAT KALASIN,2016,711,38.18529639
CHANGWAT KAMPHAENG PHET,2016,879,37.94511121
CHANGWAT KANCHANABURI,2016,1977,35.01216929
CHANGWAT KHON KAEN,2016,1097,35.98171404
CHANGWAT KRABI,2016,531,27.40849406
CHANGWAT LAMPANG,2016,1301,39.27955744
CHANGWAT LAMPHUN,2016,465,34.65821466
CHANGWAT LOEI,2016,1081,37.06400898
CHANGWAT LOP BURI,2016,663,34.92995907
CHANGWAT MAE HONG SON,2016,1335,31.56096018
CHANGWAT MAHA SARAKHAM,2016,571,34.47100533
CHANGWAT MUKDAHAN,2016,417,36.88241038
CHANGWAT NAKHON NAYOK,2016,220,31.94797296
CHANGWAT NAKHON PATHOM,2016,222,34.87002776
CHANGWAT NAKHON PHANOM,2016,579,35.29097524
CHANGWAT NAKHON RATCHASIMA,2016,2118,34.23163018
CHANGWAT NAKHON SAWAN,2016,973,36.3451333
CHANGWAT NAKHON SI THAMMARAT,2016,984,28.57307211
CHANGWAT NAN,2016,1270,41.10149378
CHANGWAT NARATHIWAT,2016,445,27.11936063
CHANGWAT NONG BUA LAM PHU,2016,425,37.06217234
CHANGWAT NONG KHAI,2016,344,38.85021624
CHANGWAT NONTHABURI,2016,63,34.16447119
CHANGWAT PATHUM THANI,2016,151,32.78963849
CHANGWAT PATTANI,2016,201,28.78517597
CHANGWAT PHANGNGA,2016,454,28.10644366
CHANGWAT PHATTHALUNG,2016,384,27.67045013
CHANGWAT PHAYAO,2016,646,42.0428345
CHANGWAT PHETCHABUN,2016,1271,35.08747311
CHANGWAT PHETCHABURI,2016,625,34.16699297
CHANGWAT PHICHIT,2016,446,36.79581761
CHANGWAT PHITSANULOK,2016,1086,37.0922264
CHANGWAT PHRA NAKHON SI AYUTTHAYA,2016,264,34.11601047
CHANGWAT PHRAE,2016,671,41.04935224
CHANGWAT PHUKET,2016,52,29.91292126
CHANGWAT PRACHIN BURI,2016,509,31.5370779
CHANGWAT PRACHUAP KHIRI KHAN,2016,646,33.29029378
CHANGWAT RANONG,2016,324,28.48144529
CHANGWAT RATCHABURI,2016,527,36.30105416
CHANGWAT RAYONG,2016,373,33.76707174
CHANGWAT ROI ET,2016,801,35.84002865
CHANGWAT SA KAEO,2016,691,33.72647179
CHANGWAT SAKON NAKHON,2016,990,35.66962746
CHANGWAT SAMUT PRAKAN,2016,99,36.16990147
CHANGWAT SAMUT SAKHON,2016,88,36.38567883
CHANGWAT SAMUT SONGKHRAM,2016,43,35.84385905
CHANGWAT SARABURI,2016,353,35.39215988
CHANGWAT SATUN,2016,306,27.91929994
CHANGWAT SI SA KET,2016,900,38.1418627
CHANGWAT SING BURI,2016,82,35.13798853
CHANGWAT SONGKHLA,2016,770,29.1703601
CHANGWAT SUKHOTHAI,2016,692,36.90910601
CHANGWAT SUPHAN BURI,2016,552,34.75943998
CHANGWAT SURAT THANI,2016,1313,28.1357907
CHANGWAT SURIN,2016,904,35.81634799
CHANGWAT TAK,2016,1781,34.44214881
CHANGWAT TRANG,2016,474,27.2530916
CHANGWAT TRAT,2016,289,33.66958988
CHANGWAT UBON RATCHATHANI,2016,1589,38.20743264
CHANGWAT UDON THANI,2016,1136,36.88638965
CHANGWAT UTHAI THANI,2016,675,36.21218435
CHANGWAT UTTARADIT,2016,814,38.94610032
CHANGWAT YALA,2016,446,26.46246715
CHANGWAT YASOTHON,2016,422,36.37939303
BANGKOK,2017,158,32.18355518
CHANGWAT AMNAT CHAROEN,2017,335,28.90873505
CHANGWAT ANG THONG,2017,99,32.24600084
CHANGWAT BUENG KAN,2017,410,31.78638469
CHANGWAT BURI RAM,2017,1023,29.65998869
CHANGWAT CHACHOENGSAO,2017,527,31.63764623
CHANGWAT CHAI NAT,2017,259,32.98544949
CHANGWAT CHAIYAPHUM,2017,1302,29.6747344
CHANGWAT CHANTHABURI,2017,650,28.69596255
CHANGWAT CHIANG MAI,2017,2305,31.88572984
CHANGWAT CHIANG RAI,2017,1214,38.17331884
CHANGWAT CHON BURI,2017,453,33.05229404
CHANGWAT CHUMPHON,2017,601,26.27008092
CHANGWAT KALASIN,2017,711,31.51022499
CHANGWAT KAMPHAENG PHET,2017,879,33.7729261
CHANGWAT KANCHANABURI,2017,1977,31.11100538
CHANGWAT KHON KAEN,2017,1097,29.93417525
CHANGWAT KRABI,2017,531,24.73944621
CHANGWAT LAMPANG,2017,1301,36.30271378
CHANGWAT LAMPHUN,2017,465,33.97024032
CHANGWAT LOEI,2017,1081,31.68222237
CHANGWAT LOP BURI,2017,663,30.32159682
CHANGWAT MAE HONG SON,2017,1335,31.76396907
CHANGWAT MAHA SARAKHAM,2017,571,29.04480936
CHANGWAT MUKDAHAN,2017,417,31.59863708
CHANGWAT NAKHON NAYOK,2017,220,29.40361157
CHANGWAT NAKHON PATHOM,2017,222,32.55559529
CHANGWAT NAKHON PHANOM,2017,579,32.03188838
CHANGWAT NAKHON RATCHASIMA,2017,2118,29.18003579
CHANGWAT NAKHON SAWAN,2017,973,32.25029997
CHANGWAT NAKHON SI THAMMARAT,2017,984,24.31473137
CHANGWAT NAN,2017,1270,35.19738443
CHANGWAT NARATHIWAT,2017,445,23.28099776
CHANGWAT NONG BUA LAM PHU,2017,425,31.71600913
CHANGWAT NONG KHAI,2017,344,30.56477287
CHANGWAT NONTHABURI,2017,63,31.98000436
CHANGWAT PATHUM THANI,2017,151,31.98602651
CHANGWAT PATTANI,2017,201,25.37274659
CHANGWAT PHANGNGA,2017,454,25.78640584
CHANGWAT PHATTHALUNG,2017,384,22.52315167
CHANGWAT PHAYAO,2017,646,38.43582957
CHANGWAT PHETCHABUN,2017,1271,30.07149446
CHANGWAT PHETCHABURI,2017,625,31.0221759
CHANGWAT PHICHIT,2017,446,32.65825269
CHANGWAT PHITSANULOK,2017,1086,32.26463476
CHANGWAT PHRA NAKHON SI AYUTTHAYA,2017,264,32.26865004
CHANGWAT PHRAE,2017,671,36.7610635
CHANGWAT PHUKET,2017,52,27.36322637
CHANGWAT PRACHIN BURI,2017,509,28.94006338
CHANGWAT PRACHUAP KHIRI KHAN,2017,646,30.22997795
CHANGWAT RANONG,2017,324,25.13408002
CHANGWAT RATCHABURI,2017,527,31.45574531
CHANGWAT RAYONG,2017,373,29.73084136
CHANGWAT ROI ET,2017,801,30.43974401
CHANGWAT SA KAEO,2017,691,31.65181402
CHANGWAT SAKON NAKHON,2017,990,30.37147767
CHANGWAT SAMUT PRAKAN,2017,99,34.21850535
CHANGWAT SAMUT SAKHON,2017,88,33.12835371
CHANGWAT SAMUT SONGKHRAM,2017,43,33.32728758
CHANGWAT SARABURI,2017,353,31.14835918
CHANGWAT SATUN,2017,306,25.34997871
CHANGWAT SI SA KET,2017,900,30.5844837
CHANGWAT SING BURI,2017,82,31.79460988
CHANGWAT SONGKHLA,2017,770,25.43856799
CHANGWAT SUKHOTHAI,2017,692,34.43965688
CHANGWAT SUPHAN BURI,2017,552,32.9120317
CHANGWAT SURAT THANI,2017,1313,25.44811544
CHANGWAT SURIN,2017,904,30.6977275
CHANGWAT TAK,2017,1781,31.45401631
CHANGWAT TRANG,2017,474,25.52035878
CHANGWAT TRAT,2017,289,27.85205613
CHANGWAT UBON RATCHATHANI,2017,1589,29.84655865
CHANGWAT UDON THANI,2017,1136,30.30175136
CHANGWAT UTHAI THANI,2017,675,32.52661392
CHANGWAT UTTARADIT,2017,814,35.03499
CHANGWAT YALA,2017,446,22.27802107
CHANGWAT YASOTHON,2017,422,30.58004131
BANGKOK,2018,158,30.3371001
CHANGWAT AMNAT CHAROEN,2018,335,31.44686723
CHANGWAT ANG THONG,2018,99,32.73274937
CHANGWAT BUENG KAN,2018,410,34.27450609
CHANGWAT BURI RAM,2018,1023,30.74608579
CHANGWAT CHACHOENGSAO,2018,527,29.28446555
CHANGWAT CHAI NAT,2018,259,34.2227693
CHANGWAT CHAIYAPHUM,2018,1302,29.82755492
CHANGWAT CHANTHABURI,2018,650,26.07964884
CHANGWAT CHIANG MAI,2018,2305,32.32132744
CHANGWAT CHIANG RAI,2018,1214,39.60390701
CHANGWAT CHON BURI,2018,453,31.0434296
CHANGWAT CHUMPHON,2018,601,27.97795011
CHANGWAT KALASIN,2018,711,32.99077968
CHANGWAT KAMPHAENG PHET,2018,879,35.7589915
CHANGWAT KANCHANABURI,2018,1977,30.02757745
CHANGWAT KHON KAEN,2018,1097,30.80337771
CHANGWAT KRABI,2018,531,26.191397
CHANGWAT LAMPANG,2018,1301,37.2913594
CHANGWAT LAMPHUN,2018,465,33.71248378
CHANGWAT LOEI,2018,1081,32.36767682
CHANGWAT LOP BURI,2018,663,30.66363231
CHANGWAT MAE HONG SON,2018,1335,32.02677212
CHANGWAT MAHA SARAKHAM,2018,571,30.68001046
CHANGWAT MUKDAHAN,2018,417,31.82584115
CHANGWAT NAKHON NAYOK,2018,220,27.80007492
CHANGWAT NAKHON PATHOM,2018,222,31.51438648
CHANGWAT NAKHON PHANOM,2018,579,33.81745745
CHANGWAT NAKHON RATCHASIMA,2018,2118,30.07252531
CHANGWAT NAKHON SAWAN,2018,973,32.59905337
CHANGWAT NAKHON SI THAMMARAT,2018,984,27.26840968
CHANGWAT NAN,2018,1270,35.60150046
CHANGWAT NARATHIWAT,2018,445,24.42174634
CHANGWAT NONG BUA LAM PHU,2018,425,32.06706389
CHANGWAT NONG KHAI,2018,344,33.72704303
CHANGWAT NONTHABURI,2018,63,29.54998142
CHANGWAT PATHUM THANI,2018,151,29.09713688
CHANGWAT PATTANI,2018,201,26.42717733
CHANGWAT PHANGNGA,2018,454,28.08075713
CHANGWAT PHATTHALUNG,2018,384,25.89271783
CHANGWAT PHAYAO,2018,646,39.52707282
CHANGWAT PHETCHABUN,2018,1271,30.13426982
CHANGWAT PHETCHABURI,2018,625,31.64236329
CHANGWAT PHICHIT,2018,446,34.44521199
CHANGWAT PHITSANULOK,2018,1086,33.99198263
CHANGWAT PHRA NAKHON SI AYUTTHAYA,2018,264,31.42652567
CHANGWAT PHRAE,2018,671,36.91843026
CHANGWAT PHUKET,2018,52,31.19598045
CHANGWAT PRACHIN BURI,2018,509,28.26002128
CHANGWAT PRACHUAP KHIRI KHAN,2018,646,30.91271109
CHANGWAT RANONG,2018,324,27.42370423
CHANGWAT RATCHABURI,2018,527,30.70165936
CHANGWAT RAYONG,2018,373,29.61385432
CHANGWAT ROI ET,2018,801,32.40186251
CHANGWAT SA KAEO,2018,691,28.43785655
CHANGWAT SAKON NAKHON,2018,990,32.65811525
CHANGWAT SAMUT PRAKAN,2018,99,34.37255859
CHANGWAT SAMUT SAKHON,2018,88,35.38831807
CHANGWAT SAMUT SONGKHRAM,2018,43,34.23842918
CHANGWAT SARABURI,2018,353,30.33883636
CHANGWAT SATUN,2018,306,27.26473164
CHANGWAT SI SA KET,2018,900,32.85265103
CHANGWAT SING BURI,2018,82,32.56560439
CHANGWAT SONGKHLA,2018,770,28.39683517
CHANGWAT SUKHOTHAI,2018,692,37.18026242
CHANGWAT SUPHAN BURI,2018,552,33.95872376
CHANGWAT SURAT THANI,2018,1313,28.12994579
CHANGWAT SURIN,2018,904,31.81761408
CHANGWAT TAK,2018,1781,32.97255977
CHANGWAT TRANG,2018,474,26.15310504
CHANGWAT TRAT,2018,289,28.65045309
CHANGWAT UBON RATCHATHANI,2018,1589,32.15417135
CHANGWAT UDON THANI,2018,1136,32.16964635
CHANGWAT UTHAI THANI,2018,675,32.57449606
CHANGWAT UTTARADIT,2018,814,35.45634553
CHANGWAT YALA,2018,446,24.29560315
CHANGWAT YASOTHON,2018,422,32.66203496
BANGKOK,2019,158,32.12019373
CHANGWAT AMNAT CHAROEN,2019,335,32.83640334
CHANGWAT ANG THONG,2019,99,36.15059475
CHANGWAT BUENG KAN,2019,410,35.47018233
CHANGWAT BURI RAM,2019,1023,32.88413512
CHANGWAT CHACHOENGSAO,2019,527,31.97098528
CHANGWAT CHAI NAT,2019,259,38.67604287
CHANGWAT CHAIYAPHUM,2019,1302,34.08989467
CHANGWAT CHANTHABURI,2019,650,29.61113309
CHANGWAT CHIANG MAI,2019,2305,36.70001716
CHANGWAT CHIANG RAI,2019,1214,44.52548515
CHANGWAT CHON BURI,2019,453,32.57980431
CHANGWAT CHUMPHON,2019,601,28.88693801
CHANGWAT KALASIN,2019,711,35.86835625
CHANGWAT KAMPHAENG PHET,2019,879,41.40973391
CHANGWAT KANCHANABURI,2019,1977,34.82742006
CHANGWAT KHON KAEN,2019,1097,35.80968542
CHANGWAT KRABI,2019,531,26.11945014
CHANGWAT LAMPANG,2019,1301,39.72027413
CHANGWAT LAMPHUN,2019,465,36.19110163
CHANGWAT LOEI,2019,1081,34.43871184
CHANGWAT LOP BURI,2019,663,34.77425745
CHANGWAT MAE HONG SON,2019,1335,36.23115307
CHANGWAT MAHA SARAKHAM,2019,571,33.50648249
CHANGWAT MUKDAHAN,2019,417,33.87399287
CHANGWAT NAKHON NAYOK,2019,220,29.89425234
CHANGWAT NAKHON PATHOM,2019,222,34.07081058
CHANGWAT NAKHON PHANOM,2019,579,34.31501102
CHANGWAT NAKHON RATCHASIMA,2019,2118,33.48325354
CHANGWAT NAKHON SAWAN,2019,973,37.92827534
CHANGWAT NAKHON SI THAMMARAT,2019,984,27.02241836
CHANGWAT NAN,2019,1270,39.90656534
CHANGWAT NARATHIWAT,2019,445,26.13392356
CHANGWAT NONG BUA LAM PHU,2019,425,35.92895599
CHANGWAT NONG KHAI,2019,344,35.63332602
CHANGWAT NONTHABURI,2019,63,31.09269154
CHANGWAT PATHUM THANI,2019,151,31.33010182
CHANGWAT PATTANI,2019,201,27.89044222
CHANGWAT PHANGNGA,2019,454,26.89388406
CHANGWAT PHATTHALUNG,2019,384,26.5160742
CHANGWAT PHAYAO,2019,646,44.16806323
CHANGWAT PHETCHABUN,2019,1271,33.63033027
CHANGWAT PHETCHABURI,2019,625,32.78461601
CHANGWAT PHICHIT,2019,446,37.47778601
CHANGWAT PHITSANULOK,2019,1086,37.41366021
CHANGWAT PHRA NAKHON SI AYUTTHAYA,2019,264,34.11021039
CHANGWAT PHRAE,2019,671,39.24775324
CHANGWAT PHUKET,2019,52,30.57636818
CHANGWAT PRACHIN BURI,2019,509,31.37272542
CHANGWAT PRACHUAP KHIRI KHAN,2019,646,31.74974085
CHANGWAT RANONG,2019,324,27.99252974
CHANGWAT RATCHABURI,2019,527,34.15510481
CHANGWAT RAYONG,2019,373,30.98595291
CHANGWAT ROI ET,2019,801,33.03207598
CHANGWAT SA KAEO,2019,691,32.54290576
CHANGWAT SAKON NAKHON,2019,990,34.19208658
CHANGWAT SAMUT PRAKAN,2019,99,36.62869655
CHANGWAT SAMUT SAKHON,2019,88,34.50507202
CHANGWAT SAMUT SONGKHRAM,2019,43,33.09568804
CHANGWAT SARABURI,2019,353,33.7919301
CHANGWAT SATUN,2019,306,27.35614621
CHANGWAT SI SA KET,2019,900,32.77838206
CHANGWAT SING BURI,2019,82,36.27357858
CHANGWAT SONGKHLA,2019,770,29.7514335
CHANGWAT SUKHOTHAI,2019,692,40.07229961
CHANGWAT SUPHAN BURI,2019,552,37.55835151
CHANGWAT SURAT THANI,2019,1313,27.56385948
CHANGWAT SURIN,2019,904,32.31433516
CHANGWAT TAK,2019,1781,35.67981013
CHANGWAT TRANG,2019,474,25.90045521
CHANGWAT TRAT,2019,289,30.87515038
CHANGWAT UBON RATCHATHANI,2019,1589,34.18464467
CHANGWAT UDON THANI,2019,1136,35.56060582
CHANGWAT UTHAI THANI,2019,675,38.66692935
CHANGWAT UTTARADIT,2019,814,37.60889099
CHANGWAT YALA,2019,446,25.80814446
CHANGWAT YASOTHON,2019,422,33.14852534
BANGKOK,2020,158,36.52235487
CHANGWAT AMNAT CHAROEN,2020,335,35.94869916
CHANGWAT ANG THONG,2020,99,40.18548762
CHANGWAT BUENG KAN,2020,410,39.46994698
CHANGWAT BURI RAM,2020,1023,36.55133061
CHANGWAT CHACHOENGSAO,2020,527,33.8790741
CHANGWAT CHAI NAT,2020,259,41.78136527
CHANGWAT CHAIYAPHUM,2020,1302,35.69120445
CHANGWAT CHANTHABURI,2020,650,33.61066458
CHANGWAT CHIANG MAI,2020,2305,35.99774851
CHANGWAT CHIANG RAI,2020,1214,45.0400669
CHANGWAT CHON BURI,2020,453,36.23205191
CHANGWAT CHUMPHON,2020,601,30.21092614
CHANGWAT KALASIN,2020,711,38.55937476
CHANGWAT KAMPHAENG PHET,2020,879,49.95526645
CHANGWAT KANCHANABURI,2020,1977,42.51551665
CHANGWAT KHON KAEN,2020,1097,35.32349664
CHANGWAT KRABI,2020,531,26.09799746
CHANGWAT LAMPANG,2020,1301,42.95541517
CHANGWAT LAMPHUN,2020,465,37.96206627
CHANGWAT LOEI,2020,1081,38.04794823
CHANGWAT LOP BURI,2020,663,35.73235446
CHANGWAT MAE HONG SON,2020,1335,34.07493791
CHANGWAT MAHA SARAKHAM,2020,571,34.0322269
CHANGWAT MUKDAHAN,2020,417,37.92746687
CHANGWAT NAKHON NAYOK,2020,220,33.63342126
CHANGWAT NAKHON PATHOM,2020,222,36.78993827
CHANGWAT NAKHON PHANOM,2020,579,37.49337242
CHANGWAT NAKHON RATCHASIMA,2020,2118,34.56398755
CHANGWAT NAKHON SAWAN,2020,973,43.62141488
CHANGWAT NAKHON SI THAMMARAT,2020,984,25.36958877
CHANGWAT NAN,2020,1270,43.66109173
CHANGWAT NARATHIWAT,2020,445,26.36645288
CHANGWAT NONG BUA LAM PHU,2020,425,37.2263031
CHANGWAT NONG KHAI,2020,344,38.34308893
CHANGWAT NONTHABURI,2020,63,35.28205541
CHANGWAT PATHUM THANI,2020,151,35.28441393
CHANGWAT PATTANI,2020,201,26.77300694
CHANGWAT PHANGNGA,2020,454,28.06092237
CHANGWAT PHATTHALUNG,2020,384,22.40872131
CHANGWAT PHAYAO,2020,646,46.60977399
CHANGWAT PHETCHABUN,2020,1271,38.13337119
CHANGWAT PHETCHABURI,2020,625,37.73594363
CHANGWAT PHICHIT,2020,446,46.29494686
CHANGWAT PHITSANULOK,2020,1086,45.44513622
CHANGWAT PHRA NAKHON SI AYUTTHAYA,2020,264,37.02487297
CHANGWAT PHRAE,2020,671,43.42408178
CHANGWAT PHUKET,2020,52,30.47643564
CHANGWAT PRACHIN BURI,2020,509,33.03758303
CHANGWAT PRACHUAP KHIRI KHAN,2020,646,36.12693516
CHANGWAT RANONG,2020,324,28.94100789
CHANGWAT RATCHABURI,2020,527,40.16032419
CHANGWAT RAYONG,2020,373,34.83156851
CHANGWAT ROI ET,2020,801,36.73620268
CHANGWAT SA KAEO,2020,691,35.46469316
CHANGWAT SAKON NAKHON,2020,990,36.65676333
CHANGWAT SAMUT PRAKAN,2020,99,40.97368856
CHANGWAT SAMUT SAKHON,2020,88,39.3727798
CHANGWAT SAMUT SONGKHRAM,2020,43,39.34240947
CHANGWAT SARABURI,2020,353,36.88524933
CHANGWAT SATUN,2020,306,28.61702652
CHANGWAT SI SA KET,2020,900,36.10780693
CHANGWAT SING BURI,2020,82,38.62946411
CHANGWAT SONGKHLA,2020,770,28.54351571
CHANGWAT SUKHOTHAI,2020,692,45.73930419
CHANGWAT SUPHAN BURI,2020,552,41.09167394
CHANGWAT SURAT THANI,2020,1313,27.84576701
CHANGWAT SURIN,2020,904,36.01506151
CHANGWAT TAK,2020,1781,42.88523192
CHANGWAT TRANG,2020,474,26.72845128
CHANGWAT TRAT,2020,289,36.58432145
CHANGWAT UBON RATCHATHANI,2020,1589,36.80836197
CHANGWAT UDON THANI,2020,1136,37.63288785
CHANGWAT UTHAI THANI,2020,675,46.97526384
CHANGWAT UTTARADIT,2020,814,42.52153165
CHANGWAT YALA,2020,446,26.84334504
CHANGWAT YASOTHON,2020,422,37.11775852
BANGKOK,2021,158,32.61683358
CHANGWAT AMNAT CHAROEN,2021,335,34.05736094
CHANGWAT ANG THONG,2021,99,36.32848346
CHANGWAT BUENG KAN,2021,410,35.2732984
CHANGWAT BURI RAM,2021,1023,34.24442597
CHANGWAT CHACHOENGSAO,2021,527,33.06375577
CHANGWAT CHAI NAT,2021,259,34.58222486
CHANGWAT CHAIYAPHUM,2021,1302,33.05462032
CHANGWAT CHANTHABURI,2021,650,31.15323759
CHANGWAT CHIANG MAI,2021,2305,37.31186888
CHANGWAT CHIANG RAI,2021,1214,46.84959211
CHANGWAT CHON BURI,2021,453,34.95325539
CHANGWAT CHUMPHON,2021,601,30.08954103
CHANGWAT KALASIN,2021,711,35.21850445
CHANGWAT KAMPHAENG PHET,2021,879,37.01029709
CHANGWAT KANCHANABURI,2021,1977,32.8955753
CHANGWAT KHON KAEN,2021,1097,33.97893518
CHANGWAT KRABI,2021,531,26.75639582
CHANGWAT LAMPANG,2021,1301,41.13474521
CHANGWAT LAMPHUN,2021,465,38.30828793
CHANGWAT LOEI,2021,1081,34.74628087
CHANGWAT LOP BURI,2021,663,35.3015366
CHANGWAT MAE HONG SON,2021,1335,39.34790971
CHANGWAT MAHA SARAKHAM,2021,571,32.315513
CHANGWAT MUKDAHAN,2021,417,35.70787215
CHANGWAT NAKHON NAYOK,2021,220,31.36231458
CHANGWAT NAKHON PATHOM,2021,222,33.35784494
CHANGWAT NAKHON PHANOM,2021,579,33.29073506
CHANGWAT NAKHON RATCHASIMA,2021,2118,32.84109757
CHANGWAT NAKHON SAWAN,2021,973,34.41112982
CHANGWAT NAKHON SI THAMMARAT,2021,984,28.20526552
CHANGWAT NAN,2021,1270,39.02187081
CHANGWAT NARATHIWAT,2021,445,26.64600123
CHANGWAT NONG BUA LAM PHU,2021,425,34.2052585
CHANGWAT NONG KHAI,2021,344,34.6370084
CHANGWAT NONTHABURI,2021,63,32.50287453
CHANGWAT PATHUM THANI,2021,151,32.14955089
CHANGWAT PATTANI,2021,201,26.398984
CHANGWAT PHANGNGA,2021,454,27.48501205
CHANGWAT PHATTHALUNG,2021,384,25.43437353
CHANGWAT PHAYAO,2021,646,43.71160871
CHANGWAT PHETCHABUN,2021,1271,33.01008182
CHANGWAT PHETCHABURI,2021,625,33.92390178
CHANGWAT PHICHIT,2021,446,34.35577455
CHANGWAT PHITSANULOK,2021,1086,34.90753397
CHANGWAT PHRA NAKHON SI AYUTTHAYA,2021,264,34.48838671
CHANGWAT PHRAE,2021,671,41.18292856
CHANGWAT PHUKET,2021,52,29.48015181
CHANGWAT PRACHIN BURI,2021,509,31.87577013
CHANGWAT PRACHUAP KHIRI KHAN,2021,646,33.12174968
CHANGWAT RANONG,2021,324,28.43914693
CHANGWAT RATCHABURI,2021,527,35.00481931
CHANGWAT RAYONG,2021,373,34.6236108
CHANGWAT ROI ET,2021,801,34.07677283
CHANGWAT SA KAEO,2021,691,34.61650886
CHANGWAT SAKON NAKHON,2021,990,32.81642499
CHANGWAT SAMUT PRAKAN,2021,99,36.07942248
CHANGWAT SAMUT SAKHON,2021,88,34.79660131
CHANGWAT SAMUT SONGKHRAM,2021,43,35.14796127
CHANGWAT SARABURI,2021,353,35.20841604
CHANGWAT SATUN,2021,306,26.02322754
CHANGWAT SI SA KET,2021,900,35.64155938
CHANGWAT SING BURI,2021,82,35.76269158
CHANGWAT SONGKHLA,2021,770,26.59582412
CHANGWAT SUKHOTHAI,2021,692,39.96679151
CHANGWAT SUPHAN BURI,2021,552,36.08924616
CHANGWAT SURAT THANI,2021,1313,28.63390635
CHANGWAT SURIN,2021,904,35.41998638
CHANGWAT TAK,2021,1781,34.76430327
CHANGWAT TRANG,2021,474,25.432803
CHANGWAT TRAT,2021,289,31.09721416
CHANGWAT UBON RATCHATHANI,2021,1589,35.64774862
CHANGWAT UDON THANI,2021,1136,33.90287409
CHANGWAT UTHAI THANI,2021,675,33.22083455
CHANGWAT UTTARADIT,2021,814,36.86007145
CHANGWAT YALA,2021,446,25.03476659
CHANGWAT YASOTHON,2021,422,35.24817665
BANGKOK,2022,158,29.72634535
CHANGWAT AMNAT CHAROEN,2022,335,31.33246346
CHANGWAT ANG THONG,2022,99,31.85936922
CHANGWAT BUENG KAN,2022,410,32.23256091
CHANGWAT BURI RAM,2022,1023,31.18380521
CHANGWAT CHACHOENGSAO,2022,527,29.46612344
CHANGWAT CHAI NAT,2022,259,30.43226846
CHANGWAT CHAIYAPHUM,2022,1302,29.74652222
CHANGWAT CHANTHABURI,2022,650,26.920582
CHANGWAT CHIANG MAI,2022,2305,28.40333978
CHANGWAT CHIANG RAI,2022,1214,34.18629553
CHANGWAT CHON BURI,2022,453,32.89862778
CHANGWAT CHUMPHON,2022,601,30.88996608
CHANGWAT KALASIN,2022,711,33.03285859
CHANGWAT KAMPHAENG PHET,2022,879,31.52596132
CHANGWAT KANCHANABURI,2022,1977,28.87442943
CHANGWAT KHON KAEN,2022,1097,30.97344888
CHANGWAT KRABI,2022,531,26.12677299
CHANGWAT LAMPANG,2022,1301,30.10689165
CHANGWAT LAMPHUN,2022,465,28.53984914
CHANGWAT LOEI,2022,1081,30.37185013
CHANGWAT LOP BURI,2022,663,29.7976539
CHANGWAT MAE HONG SON,2022,1335,30.81336886
CHANGWAT MAHA SARAKHAM,2022,571,30.03972344
CHANGWAT MUKDAHAN,2022,417,32.93502849
CHANGWAT NAKHON NAYOK,2022,220,27.68592429
CHANGWAT NAKHON PATHOM,2022,222,30.58394942
CHANGWAT NAKHON PHANOM,2022,579,31.14949536
CHANGWAT NAKHON RATCHASIMA,2022,2118,29.86953597
CHANGWAT NAKHON SAWAN,2022,973,30.44061244
CHANGWAT NAKHON SI THAMMARAT,2022,984,28.01257522
CHANGWAT NAN,2022,1270,29.33343605
CHANGWAT NARATHIWAT,2022,445,24.41993302
CHANGWAT NONG BUA LAM PHU,2022,425,30.96721756
CHANGWAT NONG KHAI,2022,344,31.96262747
CHANGWAT NONTHABURI,2022,63,27.80852966
CHANGWAT PATHUM THANI,2022,151,28.09063421
CHANGWAT PATTANI,2022,201,24.94876004
CHANGWAT PHANGNGA,2022,454,24.63938421
CHANGWAT PHATTHALUNG,2022,384,26.40462014
CHANGWAT PHAYAO,2022,646,32.4081916
CHANGWAT PHETCHABUN,2022,1271,28.35131937
CHANGWAT PHETCHABURI,2022,625,31.41718616
CHANGWAT PHICHIT,2022,446,30.74749824
CHANGWAT PHITSANULOK,2022,1086,29.75868442
CHANGWAT PHRA NAKHON SI AYUTTHAYA,2022,264,30.61852426
CHANGWAT PHRAE,2022,671,31.14304092
CHANGWAT PHUKET,2022,52,26.69546274
CHANGWAT PRACHIN BURI,2022,509,28.10573736
CHANGWAT PRACHUAP KHIRI KHAN,2022,646,31.16754423
CHANGWAT RANONG,2022,324,26.24848531
CHANGWAT RATCHABURI,2022,527,30.48512353
CHANGWAT RAYONG,2022,373,31.33316355
CHANGWAT ROI ET,2022,801,32.06766821
CHANGWAT SA KAEO,2022,691,29.86727794
CHANGWAT SAKON NAKHON,2022,990,30.44404878
CHANGWAT SAMUT PRAKAN,2022,99,33.39099953
CHANGWAT SAMUT SAKHON,2022,88,32.24451986
CHANGWAT SAMUT SONGKHRAM,2022,43,31.65509121
CHANGWAT SARABURI,2022,353,31.20121772
CHANGWAT SATUN,2022,306,25.45979514
CHANGWAT SI SA KET,2022,900,32.507686
CHANGWAT SING BURI,2022,82,30.93630285
CHANGWAT SONGKHLA,2022,770,25.7794286
CHANGWAT SUKHOTHAI,2022,692,32.01690979
CHANGWAT SUPHAN BURI,2022,552,31.4329572
CHANGWAT SURAT THANI,2022,1313,27.80864835
CHANGWAT SURIN,2022,904,31.98744239
CHANGWAT TAK,2022,1781,28.39488349
CHANGWAT TRANG,2022,474,24.53986814
CHANGWAT TRAT,2022,289,26.90549556
CHANGWAT UBON RATCHATHANI,2022,1589,32.18448054
CHANGWAT UDON THANI,2022,1136,30.99277379
CHANGWAT UTHAI THANI,2022,675,30.44258595
CHANGWAT UTTARADIT,2022,814,29.96761337
CHANGWAT YALA,2022,446,22.91381661
CHANGWAT YASOTHON,2022,422,32.94912491
